Species;SampleID;Ind;Rep;conidL;conidW;conidiophL;conidiophW;conidA;PictureID
Ftrich;UZ_4.22(1)_R101;41;R1;3,57;1,642;11,583;1,74;4,997;UZ_4.22(1)_R1_100x_001
Ftrich;UZ_4.22(1)_R102;41;R1;3,63;2,176;13,992;1,641;6,07;UZ_4.22(1)_R1_100x_001
Ftrich;UZ_4.22(1)_R103;41;R1;3,362;1,655;14,87;1,421;5,085;UZ_4.22(1)_R1_100x_002
Ftrich;UZ_4.22(1)_R104;41;R1;3,606;1,881;22,087;1,393;6,289;UZ_4.22(1)_R1_100x_002
Ftrich;UZ_4.22(1)_R105;41;R1;3,547;1,721;11,291;1,328;5,473;UZ_4.22(1)_R1_100x_003
Ftrich;UZ_4.22(1)_R106;41;R1;3,725;1,655;14,046;2,095;5,117;UZ_4.22(1)_R1_100x_004
Ftrich;UZ_4.22(1)_R107;41;R1;4,27;1,859;15,36;1,898;6,429;UZ_4.22(1)_R1_100x_004
Ftrich;UZ_4.22(1)_R108;41;R1;4,189;2,025;15,624;1,256;6,61;UZ_4.22(1)_R1_100x_004
Ftrich;UZ_4.22(1)_R109;41;R1;3,339;2,044;13,709;1,521;5,977;UZ_4.22(1)_R1_100x_005
Ftrich;UZ_4.22(1)_R110;41;R1;4,052;1,856;17,696;1,429;6,185;UZ_4.22(1)_R1_100x_006
Ftrich;UZ_4.22(1)_R201;41;R2;4,102;2,152;19,456;1,471;6,609;UZ_4.22(1)_R2_100x_001_ED
Ftrich;UZ_4.22(1)_R202;41;R2;4,049;1,613;24,76;1,444;5,413;UZ_4.22(1)_R2_100x_001
Ftrich;UZ_4.22(1)_R203;41;R2;3,821;1,985;16,098;1,519;6,265;UZ_4.22(1)_R2_100x_002_ED
Ftrich;UZ_4.22(1)_R204;41;R2;3,607;1,896;16,215;1,416;7,146;UZ_4.22(1)_R2_100x_003
Ftrich;UZ_4.22(1)_R205;41;R2;4,132;1,899;23,413;1,67;6,561;UZ_4.22(1)_R2_100x_004
Ftrich;UZ_4.22(1)_R206;41;R2;4,17;1,942;21,086;1,343;7,166;UZ_4.22(1)_R2_100x_005
Ftrich;UZ_4.22(1)_R207;41;R2;4,853;2,17;13,01;1,71;7,918;UZ_4.22(1)_R2_100x_006
Ftrich;UZ_4.22(1)_R208;41;R2;4,498;1,872;22,427;1,414;7,49;UZ_4.22(1)_R2_100x_007
Ftrich;UZ_4.22(1)_R209;41;R2;3,44;1,679;14,867;1,379;4,873;UZ_4.22(1)_R2_100x_008
Ftrich;UZ_4.22(1)_R210;41;R2;4,03;2,035;12,867;1,512;6,51;UZ_4.22(1)_R2_100x_009
Ftrich;UZ_4.22(1)_R301;41;R3;4,297;2,08;12,526;1,564;6,75;UZ_4.22(1)_R3_100x_001
Ftrich;UZ_4.22(1)_R302;41;R3;5,016;2,263;14,018;1,529;8,71;UZ_4.22(1)_R3_100x_002
Ftrich;UZ_4.22(1)_R303;41;R3;4,47;1,942;16,196;1,774;7,366;UZ_4.22(1)_R3_100x_003
Ftrich;UZ_4.22(1)_R304;41;R3;3,83;2,04;17,339;1,203;6,369;UZ_4.22(1)_R3_100x_003
Ftrich;UZ_4.22(1)_R305;41;R3;3,642;1,986;13,136;1,481;6,181;UZ_4.22(1)_R3_100x_004
Ftrich;UZ_4.22(1)_R306;41;R3;4,13;1,747;15,846;1,57;6,18;UZ_4.22(1)_R3_100x_005
Ftrich;UZ_4.22(1)_R307;41;R3;4,274;1,919;16,476;1,154;7,474;UZ_4.22(1)_R3_100x_006
Ftrich;UZ_4.22(1)_R308;41;R3;4,267;1,895;12,626;1,366;6,197;UZ_4.22(1)_R3_100x_006
Ftrich;UZ_4.22(1)_R309;41;R3;3,787;1,863;15,356;1,573;5,705;UZ_4.22(1)_R3_100x_008
Ftrich;UZ_4.22(1)_R310;41;R3;3,918;1,796;11,926;1,334;5,59;UZ_4.22(1)_R3_100x_008
Flamb;UZ_13.22(5)_R101;135;R1;4,416;2,064;11,911;1,603;6,645;UZ_13.22(5)_R1_100x_001_ED
Flamb;UZ_13.22(5)_R102;135;R1;4,764;2,193;21,491;1,645;7,53;UZ_13.22(5)_R1_100x_002
Flamb;UZ_13.22(5)_R103;135;R1;4,713;1,973;12,206;1,681;6,469;UZ_13.22(5)_R1_100x_003
Flamb;UZ_13.22(5)_R104;135;R1;5,056;2,103;16,131;2,04;8,194;UZ_13.22(5)_R1_100x_004_ED
Flamb;UZ_13.22(5)_R105;135;R1;5,742;2,007;22,878;1,816;8,738;UZ_13.22(5)_R1_100x_005_ED
Flamb;UZ_13.22(5)_R106;135;R1;4,521;2,225;10,658;1,728;6,882;UZ_13.22(5)_R1_100x_006
Flamb;UZ_13.22(5)_R107;135;R1;4,624;2,001;10,387;1,739;7,038;UZ_13.22(5)_R1_100x_007_ED
Flamb;UZ_13.22(5)_R108;135;R1;4,91;2,309;16,995;1,933;8,082;UZ_13.22(5)_R1_100x_008_ED
Flamb;UZ_13.22(5)_R109;135;R1;5,292;2,062;11,885;1,772;7,71;UZ_13.22(5)_R1_100x_009_ED
Flamb;UZ_13.22(5)_R110;135;R1;4,581;2,361;11,103;1,615;8,822;UZ_13.22(5)_R1_100x_010_ED
Flamb;UZ_13.22(5)_R201;135;R2;4,524;2,286;14,328;1,98;7,62;UZ_13.22(5)_R2_100x_001
Flamb;UZ_13.22(5)_R202;135;R2;4,17;2,213;14,272;1,772;7;UZ_13.22(5)_R2_100x_002
Flamb;UZ_13.22(5)_R203;135;R2;4,591;2,333;13,514;1,521;7,64;UZ_13.22(5)_R2_100x_003
Flamb;UZ_13.22(5)_R204;135;R2;3,985;2,169;20,214;1,815;7,642;UZ_13.22(5)_R2_100x_004
Flamb;UZ_13.22(5)_R205;135;R2;4,089;2,474;14,943;1,518;8,15;UZ_13.22(5)_R2_100x_005_ED
Flamb;UZ_13.22(5)_R206;135;R2;4,017;1,868;15,359;1,401;6,049;UZ_13.22(5)_R2_100x_006_ED
Flamb;UZ_13.22(5)_R207;135;R2;4,786;2,174;11,485;1,509;7,75;UZ_13.22(5)_R2_100x_006_ED
Flamb;UZ_13.22(5)_R208;135;R2;4,435;1,986;11,874;1,487;7,37;UZ_13.22(5)_R2_100x_007
Flamb;UZ_13.22(5)_R209;135;R2;4,069;2,217;15,274;1,658;6,906;UZ_13.22(5)_R2_100x_007
Flamb;UZ_13.22(5)_R210;135;R2;3,753;2,065;14,227;1,54;6,309;UZ_13.22(5)_R2_100x_008
Flamb;UZ_13.22(5)_R301;135;R3;4,71;2,288;15,504;1,567;8,214;UZ_13.22(5)_R3_100x_001_ED
Flamb;UZ_13.22(5)_R302;135;R3;4,851;2,01;12,559;2,223;7,546;UZ_13.22(5)_R3_100x_002_ED
Flamb;UZ_13.22(5)_R303;135;R3;4,843;1,92;15,078;2,109;7,278;UZ_13.22(5)_R3_100x_003
Flamb;UZ_13.22(5)_R304;135;R3;3,916;1,839;11,508;1,269;5,537;UZ_13.22(5)_R3_100x_004
Flamb;UZ_13.22(5)_R305;135;R3;3,59;1,875;12,788;1,606;5,433;UZ_13.22(5)_R3_100x_005
Flamb;UZ_13.22(5)_R306;135;R3;5,381;2,544;12,329;1,586;9,65;UZ_13.22(5)_R3_100x_006
Flamb;UZ_13.22(5)_R307;135;R3;3,79;1,698;14,125;2,079;5,513;UZ_13.22(5)_R3_100x_007
Flamb;UZ_13.22(5)_R308;135;R3;4,429;2,192;13,208;1,828;6,49;UZ_13.22(5)_R3_100x_008
Flamb;UZ_13.22(5)_R309;135;R3;4,645;2,265;12,702;1,744;6,269;UZ_13.22(5)_R3_100x_009
Flamb;UZ_13.22(5)_R310;135;R3;3,849;1,813;17,374;1,982;6,217;UZ_13.22(5)_R3_100x_010
Fyves;UZ_7.23(4)_R101;74;R1;4,119;1,867;17,008;1,795;5,845;UZ_7.23(4)_R1_100x_001_ED
Fyves;UZ_7.23(4)_R102;74;R1;4,668;2,093;13,419;1,206;7,194;UZ_7.23(4)_R1_100x_002_ED
Fyves;UZ_7.23(4)_R103;74;R1;4,453;2,175;13,096;1,519;7,178;UZ_7.23(4)_R1_100x_002_ED
Fyves;UZ_7.23(4)_R104;74;R1;4,377;1,84;13,069;1,626;7,32;UZ_7.23(4)_R1_100x_002
Fyves;UZ_7.23(4)_R105;74;R1;4,566;1,9;12,637;1,624;7,414;UZ_7.23(4)_R1_100x_003_ED
Fyves;UZ_7.23(4)_R106;74;R1;4,79;2,15;13,592;1,628;7,718;UZ_7.23(4)_R1_100x_003_ED
Fyves;UZ_7.23(4)_R107;74;R1;4,702;2,028;9,704;1,281;7,914;UZ_7.23(4)_R1_100x_003_ED
Fyves;UZ_7.23(4)_R108;74;R1;4,219;1,733;13,466;2,112;6,389;UZ_7.23(4)_R1_100x_004_ED
Fyves;UZ_7.23(4)_R109;74;R1;4,911;1,974;16,889;2,395;7,402;UZ_7.23(4)_R1_100x_004_ED
Fyves;UZ_7.23(4)_R110;74;R1;4,416;1,899;14,443;1,794;6,81;UZ_7.23(4)_R1_100x_005
Fyves;UZ_7.23(4)_R201;74;R2;4,164;2,263;16,075;1,51;7,63;UZ_7.23(4)_R2_100x_001_ED
Fyves;UZ_7.23(4)_R202;74;R2;4,397;2,154;17,132;1,607;7,07;UZ_7.23(4)_R2_100x_002
Fyves;UZ_7.23(4)_R203;74;R2;4,036;1,737;19,786;1,74;5,9;UZ_7.23(4)_R2_100x_003
Fyves;UZ_7.23(4)_R204;74;R2;4,988;2,299;16,345;1,728;8,47;UZ_7.23(4)_R2_100x_004
Fyves;UZ_7.23(4)_R205;74;R2;4,419;1,924;24,234;1,852;7,358;UZ_7.23(4)_R2_100x_005
Fyves;UZ_7.23(4)_R206;74;R2;4,1;2,059;19,869;1,641;5,445;UZ_7.23(4)_R2_100x_006_ED
Fyves;UZ_7.23(4)_R207;74;R2;4,394;2,214;15,084;1,455;7,55;UZ_7.23(4)_R2_100x_007_ED
Fyves;UZ_7.23(4)_R208;74;R2;4,872;2,246;9,667;1,864;8,274;UZ_7.23(4)_R2_100x_008_ED
Fyves;UZ_7.23(4)_R209;74;R2;4,297;2,115;19,439;1,909;9,078;UZ_7.23(4)_R2_100x_009
Fyves;UZ_7.23(4)_R210;74;R2;5,296;2,173;15,115;1,522;8,73;UZ_7.23(4)_R2_100x_010
Fyves;UZ_7.23(4)_R301;74;R3;4,783;2,264;13,781;1,534;9,198;UZ_7.23(4)_R3_100x_001
Fyves;UZ_7.23(4)_R302;74;R3;4,773;2,147;13,397;1,801;7,55;UZ_7.23(4)_R3_100x_002
Fyves;UZ_7.23(4)_R303;74;R3;4,523;2,036;11,554;1,818;7,402;UZ_7.23(4)_R3_100x_003_ED
Fyves;UZ_7.23(4)_R304;74;R3;5,061;1,993;14,993;1,43;7,618;UZ_7.23(4)_R3_100x_004_ED
Fyves;UZ_7.23(4)_R305;74;R3;4,634;2,175;11,923;1,521;6,74;UZ_7.23(4)_R3_100x_005
Fyves;UZ_7.23(4)_R306;74;R3;3,715;2,099;12,935;1,284;6,34;UZ_7.23(4)_R3_100x_006
Fyves;UZ_7.23(4)_R307;74;R3;4,076;2,056;11,859;1,172;7,194;UZ_7.23(4)_R3_100x_007_ED
Fyves;UZ_7.23(4)_R308;74;R3;4,079;1,992;10,65;2,447;6,361;UZ_7.23(4)_R3_100x_008
Fyves;UZ_7.23(4)_R309;74;R3;3,761;2,027;8,038;1,551;6,822;UZ_7.23(4)_R3_100x_008
Fyves;UZ_7.23(4)_R310;74;R3;5,107;2,137;9,162;1,389;8,174;UZ_7.23(4)_R3_100x_003_ED & 004
Fyves;UZ_7.23(8)_R101;78;R1;3,849;2,261;16,222;1,946;7,818;UZ_7.23(8)_R1_100x_001
Fyves;UZ_7.23(8)_R102;78;R1;4,463;2,326;14,69;1,765;7,974;UZ_7.23(8)_R1_100x_002 & 003
Fyves;UZ_7.23(8)_R103;78;R1;4,439;2,329;16,601;1,776;8,33;UZ_7.23(8)_R1_100x_004 & 005
Fyves;UZ_7.23(8)_R104;78;R1;4,311;2,073;17,388;1,709;7,642;UZ_7.23(8)_R1_100x_006 & 007
Fyves;UZ_7.23(8)_R105;78;R1;4,348;2,406;12,354;1,33;9,206;UZ_7.23(8)_R1_100x_007 & 008
Fyves;UZ_7.23(8)_R106;78;R1;4,249;2,415;14,501;1,57;8,19;UZ_7.23(8)_R1_100x_008 & 009
Fyves;UZ_7.23(8)_R107;78;R1;4,347;2,165;17,591;1,584;7,01;UZ_7.23(8)_R1_100x_008 & 010_ED
Fyves;UZ_7.23(8)_R108;78;R1;4,43;1,925;13,819;1,813;7,274;UZ_7.23(8)_R1_100x_010 & 012
Fyves;UZ_7.23(8)_R109;78;R1;3,808;2,288;11,631;1,606;7,494;UZ_7.23(8)_R1_100x_011 & 013
Fyves;UZ_7.23(8)_R110;78;R1;3,836;2,103;14,876;1,487;6,942;UZ_7.23(8)_R1_100x_011 & 014
Fyves;UZ_7.23(8)_R201;78;R2;4,274;1,837;16,533;1,105;6,858;UZ_7.23(8)_R2_100x_001_ED
Fyves;UZ_7.23(8)_R202;78;R2;4,456;2,149;8,943;1,181;7,83;UZ_7.23(8)_R2_100x_002_ED
Fyves;UZ_7.23(8)_R203;78;R2;4,924;2,283;11,949;1,475;9,666;UZ_7.23(8)_R2_100x_002_ED
Fyves;UZ_7.23(8)_R204;78;R2;4,798;2,001;11,299;1,886;7,11;UZ_7.23(8)_R2_100x_003
Fyves;UZ_7.23(8)_R205;78;R2;4,017;2,228;13,129;1,222;6,75;UZ_7.23(8)_R2_100x_003
Fyves;UZ_7.23(8)_R206;78;R2;4,49;2,077;12,94;1,245;7,482;UZ_7.23(8)_R2_100x_004
Fyves;UZ_7.23(8)_R207;78;R2;4,111;2,164;17,973;1,726;7,734;UZ_7.23(8)_R2_100x_005
Fyves;UZ_7.23(8)_R208;78;R2;4,149;2,012;15,71;1,73;7,25;UZ_7.23(8)_R2_100x_007 & 008
Fyves;UZ_7.23(8)_R209;78;R2;5,054;2,217;13,746;1,534;9,254;UZ_7.23(8)_R2_100x_008 & 009
Fyves;UZ_7.23(8)_R210;78;R2;4,251;2,072;13,033;1,81;7,27;UZ_7.23(8)_R2_100x_010 & 013
Fyves;UZ_7.23(8)_R301;78;R3;3,852;2,219;13,358;1,932;7,01;UZ_7.23(8)_R3_100x_001
Fyves;UZ_7.23(8)_R302;78;R3;4,56;2,162;10,68;1,507;8,29;UZ_7.23(8)_R3_100x_002_ED & 003
Fyves;UZ_7.23(8)_R303;78;R3;4,498;2,272;12,943;1,519;8,282;UZ_7.23(8)_R3_100x_003 & 005_ED
Fyves;UZ_7.23(8)_R304;78;R3;4,344;2,163;18,045;2,09;7,38;UZ_7.23(8)_R3_100x_004 & 006
Fyves;UZ_7.23(8)_R305;78;R3;4,527;2,292;11,43;1,785;7,56;UZ_7.23(8)_R3_100x_005 & 006
Fyves;UZ_7.23(8)_R306;78;R3;3,664;2,047;14,127;1,927;6,553;UZ_7.23(8)_R3_100x_005 & 007
Fyves;UZ_7.23(8)_R307;78;R3;3,896;2,201;12,125;1,676;7,646;UZ_7.23(8)_R3_100x_006 & 010
Fyves;UZ_7.23(8)_R308;78;R3;4,254;2,276;11,653;1,644;7,274;UZ_7.23(8)_R3_100x_007 & 011_ED
Fyves;UZ_7.23(8)_R309;78;R3;4,693;2,646;18,29;2,159;9,21;UZ_7.23(8)_R3_100x_010 & 011_ED
Fyves;UZ_7.23(8)_R310;78;R3;3,689;2,088;14,827;1,774;6,293;UZ_7.23(8)_R3_100x_011 & 012
Fyves;UZ_7.23(11)_R101;711;R1;4,017;1,873;12,717;1,551;5,877;UZ_7.23(11)_R1_100x_001_ED
Fyves;UZ_7.23(11)_R102;711;R1;4,175;1,969;13,042;2,225;5,689;UZ_7.23(11)_R1_100x_001_ED
Fyves;UZ_7.23(11)_R103;711;R1;4,316;2,297;24,855;1,585;7,142;UZ_7.23(11)_R1_100x_001 & 002_ED
Fyves;UZ_7.23(11)_R104;711;R1;4,654;2,221;17,764;1,657;7,182;UZ_7.23(11)_R1_100x_001 & 002
Fyves;UZ_7.23(11)_R105;711;R1;4,451;2,347;17,329;2,059;8,042;UZ_7.23(11)_R1_100x_003 & 004
Fyves;UZ_7.23(11)_R106;711;R1;3,763;1,619;15,36;2,07;5,461;UZ_7.23(11)_R1_100x_003 & 006
Fyves;UZ_7.23(11)_R107;711;R1;4,277;2,138;15,774;2,086;7,058;UZ_7.23(11)_R1_100x_004 & 007
Fyves;UZ_7.23(11)_R108;711;R1;4,506;2,214;17,815;1,705;7,51;UZ_7.23(11)_R1_100x_005 & 008
Fyves;UZ_7.23(11)_R109;711;R1;4,796;2,036;16,159;1,885;9,562;UZ_7.23(11)_R1_100x_007 & 008
Fyves;UZ_7.23(11)_R110;711;R1;3,669;2,105;14,649;1,588;7,574;UZ_7.23(11)_R1_100x_008 & 009
Fyves;UZ_7.23(11)_R201;711;R2;4,361;2,135;7,681;1,831;7,482;UZ_7.23(11)_R2_100x_001
Fyves;UZ_7.23(11)_R202;711;R2;3,707;1,853;9,839;1,985;5,801;UZ_7.23(11)_R2_100x_001 & 002
Fyves;UZ_7.23(11)_R203;711;R2;3,767;1,755;8,798;1,807;4,989;UZ_7.23(11)_R2_100x_002 & 003
Fyves;UZ_7.23(11)_R204;711;R2;4,202;1,94;11,219;1,712;6,71;UZ_7.23(11)_R2_100x_003
Fyves;UZ_7.23(11)_R205;711;R2;4,289;1,848;10,985;1,663;6,713;UZ_7.23(11)_R2_100x_003 & 004_ED
Fyves;UZ_7.23(11)_R206;711;R2;4,496;2,077;12,305;1,928;7,71;UZ_7.23(11)_R2_100x_004 & 005
Fyves;UZ_7.23(11)_R207;711;R2;3,596;1,956;16,783;2,045;6,093;UZ_7.23(11)_R2_100x_005 & 006_ED
Fyves;UZ_7.23(11)_R208;711;R2;3,851;1,927;13,215;1,382;6,273;UZ_7.23(11)_R2_100x_006_ED
Fyves;UZ_7.23(11)_R209;711;R2;4,286;1,949;15,62;1,876;6,385;UZ_7.23(11)_R2_100x_006
Fyves;UZ_7.23(11)_R210;711;R2;3,707;2,037;14,061;1,883;6,433;UZ_7.23(11)_R2_100x_007
Fyves;UZ_7.23(11)_R301;711;R3;4,206;1,961;17,535;1,7;6,625;UZ_7.23(11)_R3_100x_001 & 004
Fyves;UZ_7.23(11)_R302;711;R3;4,488;2,208;18,664;1,772;9,354;UZ_7.23(11)_R3_100x_002 & 006_ED
Fyves;UZ_7.23(11)_R303;711;R3;3,824;2,085;17,228;2,05;8,094;UZ_7.23(11)_R3_100x_002 & 006_ED
Fyves;UZ_7.23(11)_R304;711;R3;3,913;2,246;15,186;1,387;8,49;UZ_7.23(11)_R3_100x_003 & 007
Fyves;UZ_7.23(11)_R305;711;R3;3,68;2,093;15,068;1,358;7,426;UZ_7.23(11)_R3_100x_004 & 007
Fyves;UZ_7.23(11)_R306;711;R3;4,127;2,433;12,797;1,627;8,554;UZ_7.23(11)_R3_100x_005 & 008
Fyves;UZ_7.23(11)_R307;711;R3;3,96;1,97;10,682;1,58;6,457;UZ_7.23(11)_R3_100x_005 & 009
Fyves;UZ_7.23(11)_R308;711;R3;4,578;2,286;9,85;1,398;8,366;UZ_7.23(11)_R3_100x_008 & 011
Fyves;UZ_7.23(11)_R309;711;R3;4,313;2,041;14,549;1,886;7,082;UZ_7.23(11)_R3_100x_009 & 011
Fyves;UZ_7.23(11)_R310;711;R3;4,386;2,198;11,389;1,927;7,978;UZ_7.23(11)_R3_100x_010 & 012
Fnigr;UZ_44.22(1)_R101;441;R1;4,061;1,906;7,943;1,127;5,629;UZ_44.22(1)_R1_100x_001
Fnigr;UZ_44.22(1)_R102;441;R1;4,905;2,098;13,063;1,711;7,762;UZ_44.22(1)_R1_100x_002
Fnigr;UZ_44.22(1)_R103;441;R1;5,701;2,265;7,804;1,537;9,518;UZ_44.22(1)_R1_100x_003_ED
Fnigr;UZ_44.22(1)_R104;441;R1;4,775;1,839;7,484;1,702;7,29;UZ_44.22(1)_R1_100x_004
Fnigr;UZ_44.22(1)_R105;441;R1;4,826;2,007;7,926;1,158;7,27;UZ_44.22(1)_R1_100x_005
Fnigr;UZ_44.22(1)_R106;441;R1;3,833;1,791;8,939;1,821;5,449;UZ_44.22(1)_R1_100x_006
Fnigr;UZ_44.22(1)_R107;441;R1;4,61;1,789;8,716;1,41;6,697;UZ_44.22(1)_R1_100x_007
Fnigr;UZ_44.22(1)_R108;441;R1;4,896;2,179;11,219;1,436;7,082;UZ_44.22(1)_R1_100x_008
Fnigr;UZ_44.22(1)_R109;441;R1;4,439;2,001;9,559;1,46;6,505;UZ_44.22(1)_R1_100x_009
Fnigr;UZ_44.22(1)_R110;441;R1;3,723;1,876;9,58;1,329;5,901;UZ_44.22(1)_R1_100x_010
Fnigr;UZ_44.22(1)_R201;441;R2;4,216;1,933;10,131;1,533;6,293;UZ_44.22(1)_R2_100x_001_ED
Fnigr;UZ_44.22(1)_R202;441;R2;4,218;2,13;8,219;1,35;6,85;UZ_44.22(1)_R2_100x_002_ED
Fnigr;UZ_44.22(1)_R203;441;R2;4,419;1,935;9,399;1,734;7,47;UZ_44.22(1)_R2_100x_002_ED
Fnigr;UZ_44.22(1)_R204;441;R2;4,656;1,807;10,408;1,923;8,578;UZ_44.22(1)_R2_100x_003_ED
Fnigr;UZ_44.22(1)_R205;441;R2;4,075;1,869;9,526;1,699;6,249;UZ_44.22(1)_R2_100x_003_ED
Fnigr;UZ_44.22(1)_R206;441;R2;5,101;1,972;10,708;1,839;7,094;UZ_44.22(1)_R2_100x_004_ED
Fnigr;UZ_44.22(1)_R207;441;R2;4,558;1,693;12,8;1,324;6,48;UZ_44.22(1)_R2_100x_004
Fnigr;UZ_44.22(1)_R208;441;R2;3,866;1,877;9,132;1,429;5,909;UZ_44.22(1)_R2_100x_005_ED
Fnigr;UZ_44.22(1)_R209;441;R2;4,654;1,78;9,061;1,378;6,902;UZ_44.22(1)_R2_100x_006
Fnigr;UZ_44.22(1)_R210;441;R2;3,904;1,847;8,394;1,485;5,365;UZ_44.22(1)_R2_100x_007
Fnigr;UZ_44.22(1)_R301;441;R3;4,879;2,02;8,141;1,565;7,498;UZ_44.22(1)_R3_100x_001
Fnigr;UZ_44.22(1)_R302;441;R3;4,433;1,84;6,699;1,651;6,233;UZ_44.22(1)_R3_100x_001
Fnigr;UZ_44.22(1)_R303;441;R3;4,688;2,001;8,293;1,478;6,521;UZ_44.22(1)_R3_100x_002
Fnigr;UZ_44.22(1)_R304;441;R3;4,792;2,068;12,335;1,417;7,47;UZ_44.22(1)_R3_100x_003
Fnigr;UZ_44.22(1)_R305;441;R3;4,889;1,924;9,712;1,14;7,926;UZ_44.22(1)_R3_100x_004
Fnigr;UZ_44.22(1)_R306;441;R3;4,459;2,169;7,654;1,176;7,202;UZ_44.22(1)_R3_100x_005
Fnigr;UZ_44.22(1)_R307;441;R3;5,091;2,165;7,764;1,387;8,6;UZ_44.22(1)_R3_100x_006
Fnigr;UZ_44.22(1)_R308;441;R3;3,881;1,868;13,86;1,949;5,27;UZ_44.22(1)_R3_100x_007
Fnigr;UZ_44.22(1)_R309;441;R3;4,074;1,981;11,567;1,744;6,025;UZ_44.22(1)_R3_100x_007
Fnigr;UZ_44.22(1)_R310;441;R3;4,87;2,265;9,132;1,436;7,99;UZ_44.22(1)_R3_100x_007_ED
Fnigr;UZ_44.22(2)_R101;442;R1;4,757;2,218;10,065;1,278;6,82;UZ_44.22(2)_R1_100x_001
Fnigr;UZ_44.22(2)_R102;442;R1;4,935;1,986;10,887;1,651;7,558;UZ_44.22(2)_R1_100x_002
Fnigr;UZ_44.22(2)_R103;442;R1;4,321;2,061;19,825;1,423;6,425;UZ_44.22(2)_R1_100x_002 & 003
Fnigr;UZ_44.22(2)_R104;442;R1;4,053;1,744;9,751;1,661;5,13;UZ_44.22(2)_R1_100x_003 & 004
Fnigr;UZ_44.22(2)_R105;442;R1;4,698;1,913;10,93;1,495;7,514;UZ_44.22(2)_R1_100x_003 & 006_ED
Fnigr;UZ_44.22(2)_R106;442;R1;4,228;1,875;8,239;1,79;5,525;UZ_44.22(2)_R1_100x_004 & 006_ED
Fnigr;UZ_44.22(2)_R107;442;R1;3,369;1,735;13,39;1,637;4,069;UZ_44.22(2)_R1_100x_005 & 008
Fnigr;UZ_44.22(2)_R108;442;R1;4,202;1,651;18,677;1,729;5,237;UZ_44.22(2)_R1_100x_005 & 009
Fnigr;UZ_44.22(2)_R109;442;R1;4,633;2,028;9,979;1,834;6,998;UZ_44.22(2)_R1_100x_005 & 010
Fnigr;UZ_44.22(2)_R110;442;R1;3,764;1,741;9,474;1,981;5,465;UZ_44.22(2)_R1_100x_009 & 010
Fnigr;UZ_44.22(2)_R201;442;R2;4,314;1,711;11,68;1,361;5,773;UZ_44.22(2)_R2_100x_001 & 002_ED
Fnigr;UZ_44.22(2)_R202;442;R2;4,971;1,997;14,391;1,942;7,958;UZ_44.22(2)_R2_100x_002_ED & 004
Fnigr;UZ_44.22(2)_R203;442;R2;3,849;1,483;9,122;1,991;4,893;UZ_44.22(2)_R2_100x_002 & 006
Fnigr;UZ_44.22(2)_R204;442;R2;4,763;1,861;9,786;2,179;6,65;UZ_44.22(2)_R2_100x_003 & 010
Fnigr;UZ_44.22(2)_R205;442;R2;4,616;1,785;9,976;2,126;5,9;UZ_44.22(2)_R2_100x_003 & 011
Fnigr;UZ_44.22(2)_R206;442;R2;5,381;2,054;11,803;2,396;7,53;UZ_44.22(2)_R2_100x_005 & 012
Fnigr;UZ_44.22(2)_R207;442;R2;4,231;1,98;14,765;2,285;5,653;UZ_44.22(2)_R2_100x_007 & 013
Fnigr;UZ_44.22(2)_R208;442;R2;5,888;1,995;13,955;1,894;9,81;UZ_44.22(2)_R2_100x_007_ED & 014
Fnigr;UZ_44.22(2)_R209;442;R2;3,931;1,676;9,258;1,703;5,525;UZ_44.22(2)_R2_100x_008 & 015
Fnigr;UZ_44.22(2)_R210;442;R2;4,588;2,107;12,463;1,622;7,058;UZ_44.22(2)_R2_100x_010_ED & 016
Fnigr;UZ_44.22(2)_R301;442;R3;4,652;1,895;9,02;1,79;7,918;UZ_44.22(2)_R3_100x_001 & 002_ED
Fnigr;UZ_44.22(2)_R302;442;R3;4,89;1,625;10,458;1,467;6,009;UZ_44.22(2)_R3_100x_002_ED & 003
Fnigr;UZ_44.22(2)_R303;442;R3;3,902;1,739;11,706;1,367;5,973;UZ_44.22(2)_R3_100x_003_ED & 004
Fnigr;UZ_44.22(2)_R304;442;R3;5,068;1,783;13,357;1,544;7,046;UZ_44.22(2)_R3_100x_005 & 006_ED
Fnigr;UZ_44.22(2)_R305;442;R3;5,149;1,879;18,82;1,899;7,906;UZ_44.22(2)_R3_100x_005 & 007_ED
Fnigr;UZ_44.22(2)_R306;442;R3;4,539;1,799;10,214;1,95;5,54;UZ_44.22(2)_R3_100x_005 & 008
Fnigr;UZ_44.22(2)_R307;442;R3;3,621;1,698;8,45;1,867;6,113;UZ_44.22(2)_R3_100x_005 & 008_ED
Fnigr;UZ_44.22(2)_R308;442;R3;4,011;1,966;10,697;2,312;6,03;UZ_44.22(2)_R3_100x_005 & 009
Fnigr;UZ_44.22(2)_R309;442;R3;4,904;2,018;8,069;1,449;7,178;UZ_44.22(2)_R3_100x_010 & 011
Fnigr;UZ_44.22(2)_R310;442;R3;5,032;1,917;10,189;2,206;7,406;UZ_44.22(2)_R3_100x_010 & 012
Fnigr;UZ_44.22(4)_R101;444;R1;4,086;2,178;11,853;1,626;6,629;UZ_44.22(4)_R1_100x_001
Fnigr;UZ_44.22(4)_R102;444;R1;3,581;1,774;10,701;1,851;5,557;UZ_44.22(4)_R1_100x_002
Fnigr;UZ_44.22(4)_R103;444;R1;4,127;2,173;13,674;2,041;6,769;UZ_44.22(4)_R1_100x_003 & 005
Fnigr;UZ_44.22(4)_R104;444;R1;3,943;2,115;11,17;2,11;6,629;UZ_44.22(4)_R1_100x_004_ED & 005
Fnigr;UZ_44.22(4)_R105;444;R1;3,941;1,812;9,16;1,572;6,085;UZ_44.22(4)_R1_100x_006 & 007
Fnigr;UZ_44.22(4)_R106;444;R1;3,857;2,176;9,276;1,803;5,701;UZ_44.22(4)_R1_100x_006 & 011
Fnigr;UZ_44.22(4)_R107;444;R1;4,226;2,172;13,958;1,693;7,23;UZ_44.22(4)_R1_100x_008 & 012_ED
Fnigr;UZ_44.22(4)_R108;444;R1;3,842;1,938;15,515;1,54;6,317;UZ_44.22(4)_R1_100x_009 & 014
Fnigr;UZ_44.22(4)_R109;444;R1;3,597;1,742;13,021;1,33;5,285;UZ_44.22(4)_R1_100x_009 & 015
Fnigr;UZ_44.22(4)_R110;444;R1;4,014;1,902;9,354;1,225;6,061;UZ_44.22(4)_R1_100x_010 & 016
Fnigr;UZ_44.22(4)_R201;444;R2;4,19;1,916;11,279;1,609;6,637;UZ_44.22(4)_R2_100x_001_ED
Fnigr;UZ_44.22(4)_R202;444;R2;3,567;1,964;9,555;1,964;5,969;UZ_44.22(4)_R2_100x_002 & 003
Fnigr;UZ_44.22(4)_R203;444;R2;4,167;1,953;12,05;1,683;6,842;UZ_44.22(4)_R2_100x_004 & 005
Fnigr;UZ_44.22(4)_R204;444;R2;4,469;2,175;12,161;1,487;7,046;UZ_44.22(4)_R2_100x_006
Fnigr;UZ_44.22(4)_R205;444;R2;4,055;1,825;10,171;1,342;6,185;UZ_44.22(4)_R2_100x_007 & 008
Fnigr;UZ_44.22(4)_R206;444;R2;3,746;2,086;16,619;1,987;6,013;UZ_44.22(4)_R2_100x_007 & 009
Fnigr;UZ_44.22(4)_R207;444;R2;4,283;2,083;8,53;1,268;6,197;UZ_44.22(4)_R2_100x_008 & 009
Fnigr;UZ_44.22(4)_R208;444;R2;3,925;1,969;9,607;1,424;5,985;UZ_44.22(4)_R2_100x_009 
Fnigr;UZ_44.22(4)_R209;444;R2;4,187;2,072;7,893;1,514;6,94;UZ_44.22(4)_R2_100x_010
Fnigr;UZ_44.22(4)_R210;444;R2;3,693;1,727;8,05;1,474;4,873;UZ_44.22(4)_R2_100x_010
Fnigr;UZ_44.22(4)_R301;444;R3;4,323;2,175;10,636;1,651;7,274;UZ_44.22(4)_R3_100x_001
Fnigr;UZ_44.22(4)_R302;444;R3;3,817;1,816;8,225;1,509;5,353;UZ_44.22(4)_R3_100x_001 & 002
Fnigr;UZ_44.22(4)_R303;444;R3;4,057;2,285;10,208;1,366;7,59;UZ_44.22(4)_R3_100x_003 & 005
Fnigr;UZ_44.22(4)_R304;444;R3;4,072;2,016;12,569;1,562;7,482;UZ_44.22(4)_R3_100x_004_ED & 006
Fnigr;UZ_44.22(4)_R305;444;R3;4,039;1,984;10,75;1,907;6,449;UZ_44.22(4)_R3_100x_007 & 009
Fnigr;UZ_44.22(4)_R306;444;R3;3,527;1,913;8,31;1,726;5,709;UZ_44.22(4)_R3_100x_008 & 011
Fnigr;UZ_44.22(4)_R307;444;R3;3,968;1,941;10,079;2,077;6,089;UZ_44.22(4)_R3_100x_008 & 011
Fnigr;UZ_44.22(4)_R308;444;R3;4,024;2,048;9,544;1,415;7,15;UZ_44.22(4)_R3_100x_010 & 013
Fnigr;UZ_44.22(4)_R309;444;R3;3,876;2,207;10,338;1,708;7,054;UZ_44.22(4)_R3_100x_010 & 013
Fnigr;UZ_44.22(4)_R310;444;R3;4,119;1,833;11,797;1,629;6,777;UZ_44.22(4)_R3_100x_014 & 015
Fprui;UZ_55.22(2)_R101;552;R1;4,506;2,114;15,621;1,878;7,93;UZ_55.22(2)_R1_100x_001
Fprui;UZ_55.22(2)_R102;552;R1;4,756;2,025;11,622;1,587;7,95;UZ_55.22(2)_R1_100x_002_ED
Fprui;UZ_55.22(2)_R103;552;R1;5,165;2,024;15,42;1,664;9,958;UZ_55.22(2)_R1_100x_003_ED
Fprui;UZ_55.22(2)_R104;552;R1;4,384;2,094;13,948;1,48;6,709;UZ_55.22(2)_R1_100x_004_ED
Fprui;UZ_55.22(2)_R105;552;R1;4,57;2,056;12,09;1,609;8,498;UZ_55.22(2)_R1_100x_004_ED
Fprui;UZ_55.22(2)_R106;552;R1;4,835;1,99;10,633;1,916;8,13;UZ_55.22(2)_R1_100x_005
Fprui;UZ_55.22(2)_R107;552;R1;4,584;1,97;11,57;1,455;7,938;UZ_55.22(2)_R1_100x_006_ED
Fprui;UZ_55.22(2)_R108;552;R1;5,256;2,192;12,294;1,755;9,086;UZ_55.22(2)_R1_100x_007_ED
Fprui;UZ_55.22(2)_R109;552;R1;5,319;2,389;14,063;1,579;9,87;UZ_55.22(2)_R1_100x_008 & 009_ED
Fprui;UZ_55.22(2)_R110;552;R1;4,654;2,299;11,886;1,648;8,802;UZ_55.22(2)_R1_100x_009_ED
Fprui;UZ_55.22(2)_R201;552;R2;4,909;2,023;13,723;1,506;7,73;UZ_55.22(2)_R2_100x_001
Fprui;UZ_55.22(2)_R202;552;R2;4,875;2,254;11,824;1,334;8,41;UZ_55.22(2)_R2_100x_002
Fprui;UZ_55.22(2)_R203;552;R2;4,869;2,252;11,291;1,259;8,854;UZ_55.22(2)_R2_100x_002_ED
Fprui;UZ_55.22(2)_R204;552;R2;4,271;2,101;11,293;1,35;7,366;UZ_55.22(2)_R2_100x_003_ED
Fprui;UZ_55.22(2)_R205;552;R2;4,664;1,882;14,454;2,139;7,882;UZ_55.22(2)_R2_100x_004_ED
Fprui;UZ_55.22(2)_R206;552;R2;4,496;1,923;10,554;1,439;7,738;UZ_55.22(2)_R2_100x_005
Fprui;UZ_55.22(2)_R207;552;R2;4,373;1,994;14,564;1,797;8,05;UZ_55.22(2)_R2_100x_005
Fprui;UZ_55.22(2)_R208;552;R2;5,05;1,902;15,258;1,781;7,57;UZ_55.22(2)_R2_100x_006
Fprui;UZ_55.22(2)_R209;552;R2;4,884;2,178;10,682;1,553;8,266;UZ_55.22(2)_R2_100x_006
Fprui;UZ_55.22(2)_R210;552;R2;5,002;2,118;14,445;1,404;8,566;UZ_55.22(2)_R2_100x_007
Fprui;UZ_55.22(2)_R301;552;R3;4,514;1,997;14,788;1,448;7,746;UZ_55.22(2)_R3_100x_001_ED
Fprui;UZ_55.22(2)_R302;552;R3;4,781;2,221;13,301;1,754;8,95;UZ_55.22(2)_R3_100x_002_ED
Fprui;UZ_55.22(2)_R303;552;R3;4,968;2,045;16,787;2,096;8,83;UZ_55.22(2)_R3_100x_003
Fprui;UZ_55.22(2)_R304;552;R3;4,481;1,869;10,627;1,071;6,2;UZ_55.22(2)_R3_100x_004
Fprui;UZ_55.22(2)_R305;552;R3;5,067;2,268;12,248;1,49;9,574;UZ_55.22(2)_R3_100x_006_ED
Fprui;UZ_55.22(2)_R306;552;R3;4,853;1,909;14,016;1,722;8,038;UZ_55.22(2)_R3_100x_007_ED
Fprui;UZ_55.22(2)_R307;552;R3;4,772;2,404;11,237;1,52;8,69;UZ_55.22(2)_R3_100x_008
Fprui;UZ_55.22(2)_R308;552;R3;5,086;1,837;13,739;1,434;7,87;UZ_55.22(2)_R3_100x_009 & 011_ED
Fprui;UZ_55.22(2)_R309;552;R3;5,089;2,024;10,874;1,394;8,254;UZ_55.22(2)_R3_100x_010 & 011_ED
Fprui;UZ_55.22(2)_R310;552;R3;4,319;2,14;10,373;1,866;8,898;UZ_55.22(2)_R3_100x_010 & 012
Fprui;UZ_55.22(3)_R101;553;R1;4,992;2,036;12,167;1,315;9,554;UZ_55.22(3)_R1_100x_001
Fprui;UZ_55.22(3)_R102;553;R1;4,649;2,026;12,448;1,401;7,778;UZ_55.22(3)_R1_100x_002_ED
Fprui;UZ_55.22(3)_R103;553;R1;4,411;1,94;11,727;1,346;7,206;UZ_55.22(3)_R1_100x_003
Fprui;UZ_55.22(3)_R104;553;R1;5,139;2,185;11,758;1,246;7,458;UZ_55.22(3)_R1_100x_004_ED
Fprui;UZ_55.22(3)_R105;553;R1;4,548;2,243;11,653;1,342;7,894;UZ_55.22(3)_R1_100x_005_ED
Fprui;UZ_55.22(3)_R106;553;R1;5,164;2,083;13,755;1,595;8,978;UZ_55.22(3)_R1_100x_006_ED
Fprui;UZ_55.22(3)_R107;553;R1;4,72;2,047;14,081;1,725;7,954;UZ_55.22(3)_R1_100x_006_ED & 007
Fprui;UZ_55.22(3)_R108;553;R1;4,452;1,977;13,529;1,758;7,802;UZ_55.22(3)_R1_100x_007
Fprui;UZ_55.22(3)_R109;553;R1;4,617;1,777;12,306;1,499;8,866;UZ_55.22(3)_R1_100x_008_ED
Fprui;UZ_55.22(3)_R110;553;R1;5,204;1,912;13,249;1,726;8,59;UZ_55.22(3)_R1_100x_009_ED
Fprui;UZ_55.22(3)_R201;553;R2;5,074;2,333;9,892;1,265;9,098;UZ_55.22(3)_R2_100x_003_ED
Fprui;UZ_55.22(3)_R202;553;R2;4,621;1,982;14,956;1,633;7,902;UZ_55.22(3)_R2_100x_004
Fprui;UZ_55.22(3)_R203;553;R2;4,159;1,993;13,097;1,506;7,298;UZ_55.22(3)_R2_100x_004 & 005
Fprui;UZ_55.22(3)_R204;553;R2;4,475;2,167;18,35;1,6;7,874;UZ_55.22(3)_R2_100x_005_ED & 006
Fprui;UZ_55.22(3)_R205;553;R2;4,263;2,177;13,421;2,348;7,71;UZ_55.22(3)_R2_100x_006_ED
Fprui;UZ_55.22(3)_R206;553;R2;4,109;1,903;12,697;1,797;5,733;UZ_55.22(3)_R2_100x_006 & 007_ED
Fprui;UZ_55.22(3)_R207;553;R2;5,233;2,108;14,044;1,56;8,03;UZ_55.22(3)_R2_100x_007 & 008
Fprui;UZ_55.22(3)_R208;553;R2;5,967;2,045;9,893;1,047;8,57;UZ_55.22(3)_R2_100x_008_ED
Fprui;UZ_55.22(3)_R209;553;R2;4,068;2,085;14,763;1,638;6,83;UZ_55.22(3)_R2_100x_009
Fprui;UZ_55.22(3)_R210;553;R2;5,111;2,335;12,644;1,672;9,662;UZ_55.22(3)_R2_100x_010
Fprui;UZ_55.22(3)_R301;553;R3;5,155;1,999;13,264;1,552;9,706;UZ_55.22(3)_R3_100x_001_ED
Fprui;UZ_55.22(3)_R302;553;R3;4,519;2,333;13,027;1,966;9,374;UZ_55.22(3)_R3_100x_002_ED
Fprui;UZ_55.22(3)_R303;553;R3;5,141;2,154;15,921;2,059;8,538;UZ_55.22(3)_R3_100x_003
Fprui;UZ_55.22(3)_R304;553;R3;5,195;2,24;13,024;1,898;9,48;UZ_55.22(3)_R3_100x_004
Fprui;UZ_55.22(3)_R305;553;R3;4,115;1,911;15,954;1,78;7,494;UZ_55.22(3)_R3_100x_005_ED
Fprui;UZ_55.22(3)_R306;553;R3;5,155;1,895;10,743;1,282;7,41;UZ_55.22(3)_R3_100x_006
Fprui;UZ_55.22(3)_R307;553;R3;4,555;2,103;16,353;1,616;7,58;UZ_55.22(3)_R3_100x_008
Fprui;UZ_55.22(3)_R308;553;R3;4,321;2,146;13,111;1,707;6,898;UZ_55.22(3)_R3_100x_008 & 009
Fprui;UZ_55.22(3)_R309;553;R3;4,459;2,218;10,161;1,185;9,374;UZ_55.22(3)_R3_100x_009_ED
Fprui;UZ_55.22(3)_R310;553;R3;4,892;2,011;18,02;1,699;7,978;UZ_55.22(3)_R3_100x_010
Fprui;UZ_55.22(4)_R101;554;R1;5,584;1,878;17,157;1,734;9,178;UZ_55.22(4)_R1_100x_001
Fprui;UZ_55.22(4)_R102;554;R1;5,061;2,099;15,468;1,717;7,478;UZ_55.22(4)_R1_100x_002_ED
Fprui;UZ_55.22(4)_R103;554;R1;5,445;2,182;19,242;1,439;9,538;UZ_55.22(4)_R1_100x_003 & 002
Fprui;UZ_55.22(4)_R104;554;R1;5,347;2,021;17,621;1,86;8,686;UZ_55.22(4)_R1_100x_004
Fprui;UZ_55.22(4)_R105;554;R1;5,077;2,263;13,313;1,228;9,094;UZ_55.22(4)_R1_100x_005
Fprui;UZ_55.22(4)_R106;554;R1;5,148;2,01;10,926;2,088;8,882;UZ_55.22(4)_R1_100x_005 & 006
Fprui;UZ_55.22(4)_R107;554;R1;5,905;2,035;15,175;1,546;9,25;UZ_55.22(4)_R1_100x_008_ED
Fprui;UZ_55.22(4)_R108;554;R1;5,683;2,015;13,007;1,205;9,694;UZ_55.22(4)_R1_100x_008_ED
Fprui;UZ_55.22(4)_R109;554;R1;5,693;2;15,242;1,674;9,25;UZ_55.22(4)_R1_100x_008_ED
Fprui;UZ_55.22(4)_R110;554;R1;4,306;2,024;15,4;1,586;7,154;UZ_55.22(4)_R1_100x_009
Fprui;UZ_55.22(4)_R201;554;R2;6,399;1,935;17,904;1,235;10,602;UZ_55.22(4)_R2_100x_001_ED
Fprui;UZ_55.22(4)_R202;554;R2;4,66;2,103;13,018;1,167;8,102;UZ_55.22(4)_R2_100x_002
Fprui;UZ_55.22(4)_R203;554;R2;5,601;2,309;14,747;1,404;10,75;UZ_55.22(4)_R2_100x_003_ED
Fprui;UZ_55.22(4)_R204;554;R2;6,123;1,942;18,256;1,981;10,286;UZ_55.22(4)_R2_100x_004_ED
Fprui;UZ_55.22(4)_R205;554;R2;6,245;2,33;16,634;1,702;10,818;UZ_55.22(4)_R2_100x_005_ED
Fprui;UZ_55.22(4)_R206;554;R2;5,101;2,17;15,987;1,438;8,842;UZ_55.22(4)_R2_100x_006_ED
Fprui;UZ_55.22(4)_R207;554;R2;5,323;2,125;13,062;1,932;9,598;UZ_55.22(4)_R2_100x_006_ED
Fprui;UZ_55.22(4)_R208;554;R2;5,751;2,21;14,618;1,456;11,042;UZ_55.22(4)_R2_100x_007_ED
Fprui;UZ_55.22(4)_R209;554;R2;5,851;1,903;18,518;1,924;9,194;UZ_55.22(4)_R2_100x_007_ED
Fprui;UZ_55.22(4)_R210;554;R2;5,309;2,151;12,052;1,281;9,614;UZ_55.22(4)_R2_100x_008_ED
Fprui;UZ_55.22(4)_R301;554;R3;5,625;2,333;16,805;1,599;9,15;UZ_55.22(4)_R3_100x_001_ED
Fprui;UZ_55.22(4)_R302;554;R3;5,615;2,01;14,172;1,495;10,222;UZ_55.22(4)_R3_100x_001_ED
Fprui;UZ_55.22(4)_R303;554;R3;5,573;2,065;17,372;1,539;10,738;UZ_55.22(4)_R3_100x_002_ED
Fprui;UZ_55.22(4)_R304;554;R3;4,88;2,155;13,791;1,416;8,046;UZ_55.22(4)_R3_100x_003_ED
Fprui;UZ_55.22(4)_R305;554;R3;4,613;1,67;19,084;1,839;6,9;UZ_55.22(4)_R3_100x_004
Fprui;UZ_55.22(4)_R306;554;R3;5,979;2,073;16,611;1,654;10,714;UZ_55.22(4)_R3_100x_005_ED
Fprui;UZ_55.22(4)_R307;554;R3;4,702;2,038;14,318;1,279;8,89;UZ_55.22(4)_R3_100x_005_ED
Fprui;UZ_55.22(4)_R308;554;R3;5,102;2,26;17,383;1,762;9,946;UZ_55.22(4)_R3_100x_006_ED
Fprui;UZ_55.22(4)_R309;554;R3;6,179;2,005;12,707;1,567;11,623;UZ_55.22(4)_R3_100x_007_ED
Fprui;UZ_55.22(4)_R310;554;R3;5,055;2,081;17,902;1,336;7,482;UZ_55.22(4)_R3_100x_007_ED
Farun;UZ_2.23(3)_R101;23;R1;6,229;2,016;14,076;1,596;11,27;UZ_2.23(3)_R1_100x_001
Farun;UZ_2.23(3)_R102;23;R1;8,472;1,916;23,03;1,881;15,019;UZ_2.23(3)_R1_100x_001
Farun;UZ_2.23(3)_R103;23;R1;7,655;2,119;26,714;1,671;12,28;UZ_2.23(3)_R1_100x_003_ED & 002
Farun;UZ_2.23(3)_R104;23;R1;6,941;1,889;21,727;1,421;11,535;UZ_2.23(3)_R1_100x_004_ED & 002
Farun;UZ_2.23(3)_R105;23;R1;7,305;1,771;17,547;1,721;11,242;UZ_2.23(3)_R1_100x_004
Farun;UZ_2.23(3)_R106;23;R1;8,046;1,832;13,527;1,169;12,579;UZ_2.23(3)_R1_100x_005_ED & 004
Farun;UZ_2.23(3)_R107;23;R1;9,01;2,059;18,411;2,484;15,979;UZ_2.23(3)_R1_100x_005_ED & 007
Farun;UZ_2.23(3)_R108;23;R1;8,403;1,975;19,913;1,726;13,279;UZ_2.23(3)_R1_100x_005_ED & 008
Farun;UZ_2.23(3)_R109;23;R1;7,68;2,47;25,416;2,103;14,939;UZ_2.23(3)_R1_100x_006_ED & 009
Farun;UZ_2.23(3)_R110;23;R1;8,674;2,349;19,004;1,757;15,859;UZ_2.23(3)_R1_100x_006_ED & 010
Farun;UZ_2.23(3)_R201;23;R2;7,728;1,963;19,041;1,403;13,415;UZ_2.23(3)_R2_100x_001 & 002
Farun;UZ_2.23(3)_R202;23;R2;8,669;2,158;23,216;1,97;14,319;UZ_2.23(3)_R2_100x_003 & 005
Farun;UZ_2.23(3)_R203;23;R2;8,027;1,662;13,62;1,489;11,991;UZ_2.23(3)_R2_100x_004 & 006
Farun;UZ_2.23(3)_R204;23;R2;8,082;1,634;14,896;1,509;12,063;UZ_2.23(3)_R2_100x_007 & 008
Farun;UZ_2.23(3)_R205;23;R2;9,136;1,925;24,59;1,551;15,503;UZ_2.23(3)_R2_100x_015_ED & 009
Farun;UZ_2.23(3)_R206;23;R2;7,865;1,927;18,541;1,911;12,883;UZ_2.23(3)_R2_100x_016 & 010
Farun;UZ_2.23(3)_R207;23;R2;7,886;2,147;12,719;1,39;13,191;UZ_2.23(3)_R2_100x_017 & 011
Farun;UZ_2.23(3)_R208;23;R2;7,339;1,62;13,333;1,217;12,439;UZ_2.23(3)_R2_100x_018_ED & 012
Farun;UZ_2.23(3)_R209;23;R2;7,573;1,946;24,835;1,81;15,307;UZ_2.23(3)_R2_100x_019 & 013
Farun;UZ_2.23(3)_R210;23;R2;6,89;2,006;27,887;1,471;10,74;UZ_2.23(3)_R2_100x_020 & 014
Farun;UZ_2.23(3)_R301;23;R3;8,049;2,343;15,103;1,478;17,292;UZ_2.23(3)_R3_100x_003_ED & 001
Farun;UZ_2.23(3)_R302;23;R3;7,143;2,033;11,602;1,281;11,47;UZ_2.23(3)_R3_100x_006 & 002
Farun;UZ_2.23(3)_R303;23;R3;9,386;1,812;20,893;1,775;16,075;UZ_2.23(3)_R3_100x_008_ED & 004
Farun;UZ_2.23(3)_R304;23;R3;7,603;1,931;10,498;1,423;12,103;UZ_2.23(3)_R3_100x_021_ED & 005
Farun;UZ_2.23(3)_R305;23;R3;7,492;2,13;15,042;1,63;12,643;UZ_2.23(3)_R3_100x_012_ED & 007
Farun;UZ_2.23(3)_R306;23;R3;8,259;2,35;16,481;1,63;15,247;UZ_2.23(3)_R3_100x_013_ED & 009
Farun;UZ_2.23(3)_R307;23;R3;7,801;1,755;17,446;1,948;11,26;UZ_2.23(3)_R3_100x_013 & 010
Farun;UZ_2.23(3)_R308;23;R3;7,825;1,981;17,338;1,56;12,97;UZ_2.23(3)_R3_100x_020 & 011
Farun;UZ_2.23(3)_R309;23;R3;9,164;2,155;15,603;1,726;18,17;UZ_2.23(3)_R3_100x_020 & 014
Farun;UZ_2.23(3)_R310;23;R3;8,421;1,801;12,423;1,927;15,127;UZ_2.23(3)_R3_100x_022_ED & 015
Farun;UZ_2.23(4)_R101;24;R1;7,352;1,816;17,145;1,765;11,655;UZ_2.23(4)_R1_100x_001_ED & 002
Farun;UZ_2.23(4)_R102;24;R1;8,162;1,867;16,71;1,202;15,43;UZ_2.23(4)_R1_100x_018 & 002
Farun;UZ_2.23(4)_R103;24;R1;6,081;1,936;14,711;1,491;10,742;UZ_2.23(4)_R1_100x_004 & 003
Farun;UZ_2.23(4)_R104;24;R1;7,758;1,736;18,024;2,056;12,427;UZ_2.23(4)_R1_100x_006 & 003
Farun;UZ_2.23(4)_R105;24;R1;8,879;1,869;36,881;2,025;16,151;UZ_2.23(4)_R1_100x_007_ED & 005
Farun;UZ_2.23(4)_R106;24;R1;7,136;1,708;18,792;2,628;11,603;UZ_2.23(4)_R1_100x_011 & 008
Farun;UZ_2.23(4)_R107;24;R1;8,044;1,979;27,206;1,649;13,491;UZ_2.23(4)_R1_100x_013 & 008
Farun;UZ_2.23(4)_R108;24;R1;6,505;1,855;25,32;1,634;11,142;UZ_2.23(4)_R1_100x_014_ED & 010
Farun;UZ_2.23(4)_R109;24;R1;6,711;2,062;21,196;1,586;11,126;UZ_2.23(4)_R1_100x_016 & 012
Farun;UZ_2.23(4)_R110;24;R1;7,814;1,954;20,902;1,777;12,595;UZ_2.23(4)_R1_100x_017 & 015
Farun;UZ_2.23(4)_R201;24;R2;6,973;1,772;35,263;2,103;11,13;UZ_2.23(4)_R2_100x_001 & 004
Farun;UZ_2.23(4)_R202;24;R2;8,149;2,306;18,597;1,783;15,479;UZ_2.23(4)_R2_100x_002_ED & 006
Farun;UZ_2.23(4)_R203;24;R2;7,537;1,952;9,964;1,301;14,36;UZ_2.23(4)_R2_100x_003 & 009
Farun;UZ_2.23(4)_R204;24;R2;7,788;2,136;11,985;1,448;14,559;UZ_2.23(4)_R2_100x_005 & 010
Farun;UZ_2.23(4)_R205;24;R2;7,201;1,737;19,385;1,217;11,879;UZ_2.23(4)_R2_100x_006_ED & 010
Farun;UZ_2.23(4)_R206;24;R2;7,259;2,048;15,108;1,211;12,839;UZ_2.23(4)_R2_100x_008_ED & 012
Farun;UZ_2.23(4)_R207;24;R2;7,957;1,735;11,268;1,417;13,651;UZ_2.23(4)_R2_100x_016 & 013
Farun;UZ_2.23(4)_R208;24;R2;8,777;1,657;13,152;1,212;13,379;UZ_2.23(4)_R2_100x_011 & 013
Farun;UZ_2.23(4)_R209;24;R2;8,506;1,742;17,394;2,162;14,211;UZ_2.23(4)_R2_100x_011 & 014
Farun;UZ_2.23(4)_R210;24;R2;6,943;1,774;22,478;1,455;11,386;UZ_2.23(4)_R2_100x_017_ED & 015
Farun;UZ_2.23(4)_R301;24;R3;8,026;2,181;16,648;1,807;16,552;UZ_2.23(4)_R3_100x_001_ED & 008
Farun;UZ_2.23(4)_R302;24;R3;10,437;1,73;14,305;1,754;19,068;UZ_2.23(4)_R3_100x_002 & 008
Farun;UZ_2.23(4)_R303;24;R3;8,48;2,133;10,101;1,397;16,147;UZ_2.23(4)_R3_100x_003 & 011
Farun;UZ_2.23(4)_R304;24;R3;7,316;1,835;11,823;1,169;10,986;UZ_2.23(4)_R3_100x_005 & 011
Farun;UZ_2.23(4)_R305;24;R3;6,74;1,975;22,297;1,551;11,442;UZ_2.23(4)_R3_100x_006 & 012
Farun;UZ_2.23(4)_R306;24;R3;9,262;1,736;38,811;1,721;17,368;UZ_2.23(4)_R3_100x_006 & 013
Farun;UZ_2.23(4)_R307;24;R3;7,028;1,567;20,215;1,587;10,246;UZ_2.23(4)_R3_100x_007 & 015
Farun;UZ_2.23(4)_R308;24;R3;8,33;2,195;16,598;1,695;15,663;UZ_2.23(4)_R3_100x_009 & 016
Farun;UZ_2.23(4)_R309;24;R3;7,336;2,048;23,261;1,626;12,703;UZ_2.23(4)_R3_100x_010 & 017
Farun;UZ_2.23(4)_R310;24;R3;6,57;2,254;26,034;1,641;11,855;UZ_2.23(4)_R3_100x_014_ED & 017
Farun;UZ_2.23(6)_R101;26;R1;7,823;1,952;15,118;1,965;14,951;UZ_2.23(6)_R1_100x_002 & 001
Farun;UZ_2.23(6)_R102;26;R1;7,161;2,07;27,002;1,772;11,206;UZ_2.23(6)_R1_100x_019_ED & 003
Farun;UZ_2.23(6)_R103;26;R1;6,972;2,317;30,409;2,152;13,243;UZ_2.23(6)_R1_100x_005_ED & 004
Farun;UZ_2.23(6)_R104;26;R1;7,456;1,704;29,591;1,641;10,634;UZ_2.23(6)_R1_100x_006_ED & 007
Farun;UZ_2.23(6)_R105;26;R1;7,114;1,894;18,902;2,098;12,599;UZ_2.23(6)_R1_100x_008 & 009
Farun;UZ_2.23(6)_R106;26;R1;8,337;2,192;15,25;1,648;15,631;UZ_2.23(6)_R1_100x_010_ED & 012
Farun;UZ_2.23(6)_R107;26;R1;8,444;2,028;21,873;2,315;14,563;UZ_2.23(6)_R1_100x_011_ED & 013
Farun;UZ_2.23(6)_R108;26;R1;6,406;2,026;16,75;1,844;12,183;UZ_2.23(6)_R1_100x_014 & 016
Farun;UZ_2.23(6)_R109;26;R1;7,228;1,95;21,229;2,081;13,223;UZ_2.23(6)_R1_100x_015 & 017
Farun;UZ_2.23(6)_R110;26;R1;7,851;2,035;34,763;2,285;12,7;UZ_2.23(6)_R1_100x_018 & 017
Farun;UZ_2.23(6)_R201;26;R2;9,581;2,199;25,234;1,593;17,724;UZ_2.23(6)_R2_100x_001_ED & 003
Farun;UZ_2.23(6)_R202;26;R2;9,275;2,061;16,698;1,44;17,268;UZ_2.23(6)_R2_100x_002_ED & 005
Farun;UZ_2.23(6)_R203;26;R2;7,351;2,052;32,061;2,059;12,299;UZ_2.23(6)_R2_100x_004_ED & 006
Farun;UZ_2.23(6)_R204;26;R2;6,812;2,296;16,253;2,09;10,846;UZ_2.23(6)_R2_100x_008 & 007
Farun;UZ_2.23(6)_R205;26;R2;7,595;2,069;22,671;2,433;12,755;UZ_2.23(6)_R2_100x_012_ED & 009
Farun;UZ_2.23(6)_R206;26;R2;8,162;1,755;18,116;1,966;14,001;UZ_2.23(6)_R2_100x_015_ED & 010
Farun;UZ_2.23(6)_R207;26;R2;6,941;2,058;23,78;2,748;12,547;UZ_2.23(6)_R2_100x_017_ED & 011
Farun;UZ_2.23(6)_R208;26;R2;8,228;1,996;21,638;2,43;14,527;UZ_2.23(6)_R2_100x_018_ED & 013
Farun;UZ_2.23(6)_R209;26;R2;7,151;2,229;26,809;2,531;12,167;UZ_2.23(6)_R2_100x_019_ED & 014
Farun;UZ_2.23(6)_R210;26;R2;7,549;2,272;36,461;2,474;13,995;UZ_2.23(6)_R2_100x_019_ED & 016
Farun;UZ_2.23(6)_R301;26;R3;8,085;2,06;27,383;2,695;14,479;UZ_2.23(6)_R3_100x_001_ED & 003
Farun;UZ_2.23(6)_R302;26;R3;8,776;2,067;23,737;1,62;14,54;UZ_2.23(6)_R3_100x_002 & 005
Farun;UZ_2.23(6)_R303;26;R3;7,458;1,859;17,102;1,571;14,259;UZ_2.23(6)_R3_100x_004 & 006
Farun;UZ_2.23(6)_R304;26;R3;7,985;2,171;15,975;1,596;13,811;UZ_2.23(6)_R3_100x_008 & 007
Farun;UZ_2.23(6)_R305;26;R3;9,621;2,119;19,801;2,461;18,696;UZ_2.23(6)_R3_100x_008
Farun;UZ_2.23(6)_R306;26;R3;8,614;2,219;9,397;2,038;15,999;UZ_2.23(6)_R3_100x_010 & 009
Farun;UZ_2.23(6)_R307;26;R3;7,582;1,961;18,818;1,776;12,343;UZ_2.23(6)_R3_100x_012 & 010
Farun;UZ_2.23(6)_R308;26;R3;8,298;2,048;17,99;2,014;13,695;UZ_2.23(6)_R3_100x_015 & 011
Farun;UZ_2.23(6)_R309;26;R3;7,976;2,12;25,345;2;12,815;UZ_2.23(6)_R3_100x_015 & 012
Farun;UZ_2.23(6)_R310;26;R3;7,121;1,919;39,244;2,677;11,37;UZ_2.23(6)_R3_100x_016 & 013
Froth;UZ_10.23(3)_R101;103;R1;4,161;2,251;11,238;1,631;6,685;Sotomayor-Alge et al. (2025)
Froth;UZ_10.23(3)_R102;103;R1;3,802;2,081;12,552;1,74;5,897;Sotomayor-Alge et al. (2025)
Froth;UZ_10.23(3)_R103;103;R1;3,601;1,952;15,171;1,962;5,665;Sotomayor-Alge et al. (2025)
Froth;UZ_10.23(3)_R104;103;R1;3,941;2,072;14,274;1,75;5,601;Sotomayor-Alge et al. (2025)
Froth;UZ_10.23(3)_R105;103;R1;3,881;2,126;14,311;1,586;5,529;Sotomayor-Alge et al. (2025)
Froth;UZ_10.23(3)_R106;103;R1;3,757;2,059;12,567;1,649;5,637;Sotomayor-Alge et al. (2025)
Froth;UZ_10.23(3)_R107;103;R1;4,501;2,062;12,407;1,445;7,121;Sotomayor-Alge et al. (2025)
Froth;UZ_10.23(3)_R108;103;R1;4,044;2,141;12,153;1,231;6,497;Sotomayor-Alge et al. (2025)
Froth;UZ_10.23(3)_R109;103;R1;4,639;2,188;15,897;1,798;8,065;Sotomayor-Alge et al. (2025)
Froth;UZ_10.23(3)_R110;103;R1;4,428;1,964;12,673;1,458;6,421;Sotomayor-Alge et al. (2025)
Froth;UZ_10.23(3)_R201;103;R2;4,703;2,283;14,24;1,86;8,325;Sotomayor-Alge et al. (2025)
Froth;UZ_10.23(3)_R202;103;R2;3,879;2,001;11,301;1,415;6,453;Sotomayor-Alge et al. (2025)
Froth;UZ_10.23(3)_R203;103;R2;3,912;1,818;10,439;1,217;6,381;Sotomayor-Alge et al. (2025)
Froth;UZ_10.23(3)_R204;103;R2;4,595;2,04;21,157;1,757;7,257;Sotomayor-Alge et al. (2025)
Froth;UZ_10.23(3)_R205;103;R2;4,66;2,13;15,098;1,528;7,581;Sotomayor-Alge et al. (2025)
Froth;UZ_10.23(3)_R206;103;R2;3,956;2,148;13,279;1,392;5,953;Sotomayor-Alge et al. (2025)
Froth;UZ_10.23(3)_R207;103;R2;4,096;2,024;16,467;1,919;7,285;Sotomayor-Alge et al. (2025)
Froth;UZ_10.23(3)_R208;103;R2;4,289;1,958;14,973;1,789;6,281;Sotomayor-Alge et al. (2025)
Froth;UZ_10.23(3)_R209;103;R2;4,018;1,953;11,975;1,362;6,609;Sotomayor-Alge et al. (2025)
Froth;UZ_10.23(3)_R210;103;R2;4,352;2,162;16,37;2,181;7,141;Sotomayor-Alge et al. (2025)
Froth;UZ_10.23(3)_R301;103;R3;4,035;2,122;9,568;1,902;5,301;Sotomayor-Alge et al. (2025)
Froth;UZ_10.23(3)_R302;103;R3;4,441;1,986;12,95;2,236;7,469;Sotomayor-Alge et al. (2025)
Froth;UZ_10.23(3)_R303;103;R3;4,175;2,151;18,083;1,941;7,193;Sotomayor-Alge et al. (2025)
Froth;UZ_10.23(3)_R304;103;R3;3,823;1,881;11,396;2,032;6,565;Sotomayor-Alge et al. (2025)
Froth;UZ_10.23(3)_R305;103;R3;3,287;1,754;19,721;1,874;5,205;Sotomayor-Alge et al. (2025)
Froth;UZ_10.23(3)_R306;103;R3;3,963;2,096;12,918;1,891;6,493;Sotomayor-Alge et al. (2025)
Froth;UZ_10.23(3)_R307;103;R3;4,637;1,993;14,801;2,327;6,557;Sotomayor-Alge et al. (2025)
Froth;UZ_10.23(3)_R308;103;R3;5,033;1,981;10,616;2,541;8,401;Sotomayor-Alge et al. (2025)
Froth;UZ_10.23(3)_R309;103;R3;3,423;1,801;11,566;1,901;5,265;Sotomayor-Alge et al. (2025)
Froth;UZ_10.23(3)_R310;103;R3;3,923;2,001;13,126;1,961;6,717;Sotomayor-Alge et al. (2025)
Froth;UZ_10.23(4)_R101;104;R1;3,88;2,024;13,138;2,014;5,705;Sotomayor-Alge et al. (2025)
Froth;UZ_10.23(4)_R102;104;R1;4,003;2,232;12,592;2,167;6,045;Sotomayor-Alge et al. (2025)
Froth;UZ_10.23(4)_R103;104;R1;3,568;2,074;15,42;1,969;6,121;Sotomayor-Alge et al. (2025)
Froth;UZ_10.23(4)_R104;104;R1;3,887;2,244;12,997;1,924;5,785;Sotomayor-Alge et al. (2025)
Froth;UZ_10.23(4)_R105;104;R1;3,743;2,124;9,854;1,745;5,665;Sotomayor-Alge et al. (2025)
Froth;UZ_10.23(4)_R106;104;R1;4,135;2,286;11,64;1,735;5,613;Sotomayor-Alge et al. (2025)
Froth;UZ_10.23(4)_R107;104;R1;4,962;2,241;13,065;1,501;8,321;Sotomayor-Alge et al. (2025)
Froth;UZ_10.23(4)_R108;104;R1;4,3;2,322;11,781;2,152;6,969;Sotomayor-Alge et al. (2025)
Froth;UZ_10.23(4)_R109;104;R1;4,077;2,273;11,168;1,982;6,145;Sotomayor-Alge et al. (2025)
Froth;UZ_10.23(4)_R110;104;R1;3,818;1,895;16,172;1,41;5,409;Sotomayor-Alge et al. (2025)
Froth;UZ_10.23(4)_R201;104;R2;4,089;2,053;13,82;1,459;7,329;Sotomayor-Alge et al. (2025)
Froth;UZ_10.23(4)_R202;104;R2;4,126;1,97;13,116;1,569;6,645;Sotomayor-Alge et al. (2025)
Froth;UZ_10.23(4)_R203;104;R2;3,925;2,081;10,582;1,614;5,497;Sotomayor-Alge et al. (2025)
Froth;UZ_10.23(4)_R204;104;R2;4,593;2,179;8,998;1,595;6,537;Sotomayor-Alge et al. (2025)
Froth;UZ_10.23(4)_R205;104;R2;4,161;2,199;13,707;1,739;6,693;Sotomayor-Alge et al. (2025)
Froth;UZ_10.23(4)_R206;104;R2;4,271;2,162;12,689;1,883;6,585;Sotomayor-Alge et al. (2025)
Froth;UZ_10.23(4)_R207;104;R2;4;2,116;12,687;2,34;6,461;Sotomayor-Alge et al. (2025)
Froth;UZ_10.23(4)_R208;104;R2;4,207;2,232;12,021;1,371;7,389;Sotomayor-Alge et al. (2025)
Froth;UZ_10.23(4)_R209;104;R2;4,451;2,26;11,203;1,581;7,961;Sotomayor-Alge et al. (2025)
Froth;UZ_10.23(4)_R210;104;R2;4,27;2,119;11,725;1,498;6,733;Sotomayor-Alge et al. (2025)
Froth;UZ_10.23(4)_R301;104;R3;4,08;2,058;14,921;1,983;6,541;Sotomayor-Alge et al. (2025)
Froth;UZ_10.23(4)_R302;104;R3;4,082;1,977;12,639;2,065;6,645;Sotomayor-Alge et al. (2025)
Froth;UZ_10.23(4)_R303;104;R3;4,201;2,017;17,725;2,083;7,269;Sotomayor-Alge et al. (2025)
Froth;UZ_10.23(4)_R304;104;R3;3,797;1,763;14,901;2,154;6,001;Sotomayor-Alge et al. (2025)
Froth;UZ_10.23(4)_R305;104;R3;3,791;1,909;13,274;1,986;5,553;Sotomayor-Alge et al. (2025)
Froth;UZ_10.23(4)_R306;104;R3;4,013;1,968;14,333;2,039;6,429;Sotomayor-Alge et al. (2025)
Froth;UZ_10.23(4)_R307;104;R3;4,369;1,907;16,312;2,291;7,401;Sotomayor-Alge et al. (2025)
Froth;UZ_10.23(4)_R308;104;R3;4,047;1,844;14,523;2,195;6,709;Sotomayor-Alge et al. (2025)
Froth;UZ_10.23(4)_R309;104;R3;3,698;1,675;15,252;2,208;6,753;Sotomayor-Alge et al. (2025)
Froth;UZ_10.23(4)_R310;104;R3;4,187;1,899;16,74;2,205;5,909;Sotomayor-Alge et al. (2025)
Froth;UZ_12.23(5)_R101;125;R1;3,791;1,851;9,382;1,692;7,393;Sotomayor-Alge et al. (2025)
Froth;UZ_12.23(5)_R102;125;R1;4,501;2,15;12,371;1,62;7,221;Sotomayor-Alge et al. (2025)
Froth;UZ_12.23(5)_R103;125;R1;4,784;2,282;14,113;1,759;8,257;Sotomayor-Alge et al. (2025)
Froth;UZ_12.23(5)_R104;125;R1;5,174;2,333;15,122;1,879;9,398;Sotomayor-Alge et al. (2025)
Froth;UZ_12.23(5)_R105;125;R1;4,61;2,275;12,716;1,54;7,737;Sotomayor-Alge et al. (2025)
Froth;UZ_12.23(5)_R106;125;R1;5,432;1,928;15,676;1,495;8,293;Sotomayor-Alge et al. (2025)
Froth;UZ_12.23(5)_R107;125;R1;4,618;2,209;12,308;1,193;8,049;Sotomayor-Alge et al. (2025)
Froth;UZ_12.23(5)_R108;125;R1;4,277;1,896;12,708;1,412;6,917;Sotomayor-Alge et al. (2025)
Froth;UZ_12.23(5)_R109;125;R1;5,137;2,267;13,997;1,57;8,773;Sotomayor-Alge et al. (2025)
Froth;UZ_12.23(5)_R110;125;R1;4,298;1,877;13,095;2,182;6,845;Sotomayor-Alge et al. (2025)
Froth;UZ_12.23(5)_R201;125;R2;3,857;1,877;12,3;1,352;6,461;Sotomayor-Alge et al. (2025)
Froth;UZ_12.23(5)_R202;125;R2;4,871;2,221;10,752;1,118;8,725;Sotomayor-Alge et al. (2025)
Froth;UZ_12.23(5)_R203;125;R2;4,109;1,802;10;1,687;5,881;Sotomayor-Alge et al. (2025)
Froth;UZ_12.23(5)_R204;125;R2;4,522;2,074;11,809;1,436;7,577;Sotomayor-Alge et al. (2025)
Froth;UZ_12.23(5)_R205;125;R2;3,963;1,65;12,176;1,694;5,285;Sotomayor-Alge et al. (2025)
Froth;UZ_12.23(5)_R206;125;R2;4,35;1,815;11,95;1,631;6,321;Sotomayor-Alge et al. (2025)
Froth;UZ_12.23(5)_R207;125;R2;5,164;2,054;13,124;2,112;7,809;Sotomayor-Alge et al. (2025)
Froth;UZ_12.23(5)_R208;125;R2;4,287;1,831;9,381;1,555;6,293;Sotomayor-Alge et al. (2025)
Froth;UZ_12.23(5)_R209;125;R2;4,501;2,055;13,907;1,48;7,429;Sotomayor-Alge et al. (2025)
Froth;UZ_12.23(5)_R210;125;R2;4,9;2,025;11,909;1,362;7,529;Sotomayor-Alge et al. (2025)
Froth;UZ_12.23(5)_R301;125;R3;4,622;1,997;12,511;2,314;7,109;Sotomayor-Alge et al. (2025)
Froth;UZ_12.23(5)_R302;125;R3;4,628;2,033;9,666;2,276;7,569;Sotomayor-Alge et al. (2025)
Froth;UZ_12.23(5)_R303;125;R3;5,156;2,067;10,261;2,159;8,785;Sotomayor-Alge et al. (2025)
Froth;UZ_12.23(5)_R304;125;R3;4,465;2,201;9,713;2,553;7,481;Sotomayor-Alge et al. (2025)
Froth;UZ_12.23(5)_R305;125;R3;4,627;2,145;9,575;2,021;6,845;Sotomayor-Alge et al. (2025)
Froth;UZ_12.23(5)_R306;125;R3;4,533;1,679;10,326;2,044;6,893;Sotomayor-Alge et al. (2025)
Froth;UZ_12.23(5)_R307;125;R3;5,069;2,288;11,944;2,215;9,226;Sotomayor-Alge et al. (2025)
Froth;UZ_12.23(5)_R308;125;R3;4,652;1,928;13,455;2,413;6,877;Sotomayor-Alge et al. (2025)
Froth;UZ_12.23(5)_R309;125;R3;4,607;1,898;9,359;2,427;7,601;Sotomayor-Alge et al. (2025)
Froth;UZ_12.23(5)_R310;125;R3;4,348;2,371;11,827;2,522;7,809;Sotomayor-Alge et al. (2025)
